st1,st2,st3,area
960605,051140,021098,
950497,950498,051140,
020859,950109,020848,
950101,020859,020848,
02P213,052007,021098,
052007,960603,021098,
960603,052007,02P213,
960605,960604,02P213,
960604,960603,02P213,
960604,960605,021098,
960603,960604,021098,
960602,960605,02P213,
960605,960602,051140,
950498,960751,051140,
950102,02P201,020848,
93022,960602,02P213,
960602,02P208,051140,
960751,950500,131200,
950500,960698,131200,
960747,960748,950498,
950456,950102,131200,
950376,960602,950314,
950382,960527,950102,
950456,950382,950102,
960750,960751,950498,
960748,960750,950498,
960750,950500,960751,778440067.9729607
960743,960747,950498,
960743,960748,960747,
960748,960743,960698,
031113,02P208,960602,
950376,031113,960602,
020875,950106,950102,
960746,940085,02P211,
940085,960746,031122,
960746,950497,051140,
031122,960746,051140,
960750,960749,950500,
960749,960750,960748,
950500,960749,960698,
960749,960748,960698,
111190,950498,950497,
960602,091178,950314,
141202,091178,960602,
950382,950252,960527,
950252,950232,960527,
940008,950106,970785,
950106,960501,950102,
02P201,940001,020848,
950104,960501,950106,
020859,020864,950109,219539317.24082085
940004,020864,020859,426306071.46752805
940002,960503,020859,
960504,020854,020858,344854840.3075433
020854,960504,940002,242632606.40637058
02P122,021059,021080,
960743,960739,960698,
960739,960736,960698,
960734,960729,960698,
960736,960734,960698,
960746,960731,950497,
960731,960732,950497,
960692,960691,960698,
960729,950487,960698,
950456,950408,960668,
960550,93022,02P213,
950106,970783,940003,482056061.35681427
940008,970783,950106,
950104,970781,020852,295934489.01596296
970781,950106,940003,461303967.07539433
970781,950104,950106,
950104,970778,960501,
970778,02P201,950102,
960501,970778,950102,306869386.41718763
970778,940001,02P201,
020851,950104,020852,214423957.00865504
020855,970782,020852,704529863.9924853
020855,970781,940003,137570319.31205213
970781,020855,020852,383043637.52226955
970783,020855,940003,160661381.90522242
960503,020856,950111,290141679.30469084
020856,960503,940002,167388652.1579174
020856,960504,950111,316812507.4510589
960504,020856,940002,263611379.9447608
950103,020859,950101,
950103,940002,020859,
020854,950107,020858,243508081.63227692
02P118,960645,950382,
940075,950383,960668,
950383,950456,960668,
950383,950382,950456,
950386,950383,940075,
021059,021088,02P211,
021088,021059,02P122,
960745,111190,950497,
021094,960745,950497,
960736,960738,960737,301182358.7064531
960744,960743,950498,
111190,960744,950498,
960735,960734,960736,
960726,960731,960746,
950457,950458,950456,
960691,950457,960698,
960698,950457,131200,
950457,950456,131200,
950459,950457,960691,
950457,950459,950458,
960692,081168,970832,
950487,081168,960692,
950462,960692,960698,218760204.46942466
950487,950462,960698,
950462,950487,960692,
021060,950408,950456,
950235,950253,950245,
950253,950235,950252,
950318,950320,960638,154548804.63214383
020849,970778,950104,411602137.19200176
020851,020849,950104,400816528.8730564
970778,020849,940001,219772778.77746147
020849,020851,950101,458929660.8231608
020849,950101,020848,322412584.62239844
940001,020849,020848,217490596.7030655
950113,950115,020864,123217165.85063206
020864,950115,950109,151356092.16114473
020851,020850,950101,449455925.3675118
020850,950105,950103,279580885.15986234
970782,950105,020852,362282498.56765
950105,020851,020852,171252345.7058295
950105,020850,020851,302116469.2138053
950105,970780,950103,483308322.8188338
940020,020888,020875,
960527,940020,950102,
940020,020875,950102,
020888,940017,950143,
940017,950145,950143,437197387.30011296
940020,940017,020888,
940017,940020,950145,695581850.9042969
020860,020855,970783,236441193.0183582
020860,970783,940008,323772407.4196817
960509,020860,940008,498736270.4312591
960510,960504,020858,829768661.9994512
950408,960669,960668,
960669,950407,960668,529273672.8306611
02P209,940075,960668,
950388,02P209,960668,
02P119,950388,960668,
950388,02P119,021025,
950407,02P119,960668,
950412,950411,950413,240976928.44235492
960669,950411,950407,271992537.66345227
021016,021014,950382,
021014,02P118,950382,
021046,940077,960767,
031118,970828,021080,707439430.4025484
021022,950386,940075,120079156.05305074
950386,950384,950383,
021059,041133,021080,
041133,031118,021080,447562606.2936939
960742,960739,960743,
960744,960742,960743,
960742,960744,960739,328619491.43470526
960739,950496,960736,
021095,950496,960739,
950496,960738,960736,334540243.03621894
960744,02P212,960739,
02P212,021095,960739,
02P212,960744,111190,
960738,960740,021094,117754151.0648752
950496,960740,960738,292682797.7229784
950495,960736,960737,375057679.52002275
950495,960735,960736,
960735,950495,950497,
950495,021094,950497,
960738,950495,960737,53276003.777386986
950495,960738,021094,
960735,141208,960734,
950494,960730,960729,
960730,950494,960732,323523318.00586003
960730,960731,960729,
960731,960730,960732,208255457.01027012
960725,950487,960729,
950460,950459,960691,
960692,950460,960691,
950460,960692,970832,
021065,021062,950458,
950458,021062,950456,
021062,021060,950456,
021060,021062,940087,124441966.9615794
960725,960777,950487,
93055,02P206,960594,
93022,95113,960602,
95113,141202,960602,
93021,950226,93022,
950226,95113,93022,
950252,960565,950232,
950235,960565,950252,
940028,950167,111184,26709711.167408686
940066,03P214,960637,
940068,021010,021009,114442602.92325974
021010,950366,111188,199263062.7165435
021010,940068,950366,113020731.826855
031111,021000,950373,40359542.496920995
031111,950316,021000,72945301.75245209
950334,960763,960764,128059097.54272683
970825,021000,111188,119851832.89096147
021000,970825,950373,130644562.9926718
021011,950370,051146,210827798.7800384
950366,950370,111188,220660791.27564764
950370,970825,111188,106622631.67167342
970825,950370,021011,255754622.49679857
970825,041130,950373,168580734.07941493
041130,970825,021011,184755587.25008357
950368,031109,051146,116728827.79213883
031109,950368,940069,81350087.92571852
960652,031109,940069,65062981.91883519
071160,071161,950314,
071161,950306,950314,
950317,950318,960638,130117883.2430794
950317,940056,950318,75019538.37760139
950285,950317,960638,226795270.74900237
950352,950351,950349,148620502.53922516
950351,950352,950356,137407790.29662156
960519,940009,950167,
950119,960519,021098,
970779,950103,950101,71262848.8718131
020850,970779,950101,162695496.3560766
970779,020850,950103,143018046.72570634
020853,950107,020854,355575589.95214754
020853,970780,950105,432531763.0187714
950107,020853,970782,385824370.5718342
020853,950105,970782,491435879.89747345
950145,02P102,960530,
940020,02P102,950145,
02P102,940020,960527,
950140,020888,950143,
940021,950145,960530,117794432.2503807
970794,940021,960530,261392170.64223844
950145,940021,950143,192483111.66277015
940021,970794,950143,334362825.08341336
081173,020892,020894,341044712.25063604
950139,081173,950141,
020855,950110,970782,599605444.0080276
020860,950110,020855,346535217.77993655
950110,020860,960509,400858427.0306633
020870,020864,940004,606455159.811526
020870,950113,020864,293303005.41987085
960513,950122,940005,418384751.44079417
02P119,940076,021025,
940076,02P119,950407,
081167,950341,960645,131687842.42898513
960680,970829,031117,96908828.47172171
021046,141205,970830,
960658,950388,021025,178433394.87583056
950399,021022,940075,256843916.88283345
021018,950384,021020,154497237.590852
950384,021018,950383,
021088,950483,02P211,
960715,950483,021088,123927094.6778228
021096,02P212,111190,
02P212,021096,021095,
960745,021096,111190,84369676.45095854
02P124,021096,960745,
021096,02P124,021095,
02P124,960745,021094,
960741,950496,021095,50699668.09359215
960741,960740,950496,178240807.31003898
02P124,960741,021095,
960740,960741,021094,78581107.55685818
960741,02P124,021094,
141208,960733,960734,
960734,960733,960729,
960733,950494,960729,
950494,960733,960732,
960732,960733,950497,
960733,960735,950497,
960733,141208,960735,
950484,960715,950482,510093563.5133529
950484,950483,960715,200128239.35554492
950492,960746,02P211,
950492,960726,960746,
950459,960690,950458,
950460,960690,950459,160013571.3030473
081168,02P210,970832,
021091,960777,940098,192609701.97761753
021092,021091,940098,211951812.21692878
021062,950451,940087,224112716.68523207
021075,940093,950468,161186407.6120597
950485,021075,950468,209989020.02564293
021075,950485,950469,250609979.1443038
021075,960702,940093,159506977.72569066
960705,950471,021078,134690547.1775586
960686,950471,950413,
950471,960705,950413,
021039,960686,950413,307644238.49804443
950411,021039,950413,200877693.20387268
021039,950411,960669,328651966.2018729
950452,960710,940089,137253217.80581397
960710,950452,960688,243447390.8032206
950474,950477,021081,237717102.6655041
02P206,960759,960594,
93034,960759,93067,121887664.90802081
960759,93039,93067,127734740.67221381
93039,960759,02P206,
93055,960599,02P206,
93090,03S045,970819,41056051.38877943
93095,93098,091178,36664322.13995923
091178,93098,950314,
93098,071160,950314,
93096,93098,93095,49053102.67110267
960606,950264,940048,51038489.50347349
950253,940052,950245,
940053,02P111,950252,
960755,93019,93011,121080345.18494774
960755,93063,960758,92069321.26159506
93019,960755,960758,111417596.36594452
93024,950226,93021,
950243,950247,960569,157006291.4996462
950243,950235,950245,
950203,11S070,950201,123384329.9533782
091176,950203,950201,269267095.02351123
950203,091176,101181,255129827.31051883
020892,950150,020894,280706095.7880828
950150,020892,02P204,
950149,970794,960530,431299890.9962579
950364,940068,021009,235654547.272689
021008,950364,021009,189283512.28615734
940068,950364,960764,212134461.2294002
950364,950334,960764,204514661.39656028
950334,950364,021007,128092000.99560213
950351,950348,950349,106901565.82406318
960761,960763,950335,43358947.12838108
960763,950365,960764,76384741.68059398
950365,940068,960764,87802448.0959585
940068,950365,950366,112793962.48680575
960761,950365,960763,80412199.74972947
041139,03P214,950314,
03P214,041139,960637,
021010,950367,021009,182384525.2558744
021000,950367,111188,181658109.4482357
950367,021010,111188,195334765.57067803
021012,031111,950373,58689109.34450924
021012,031113,950376,50611290.55219993
950316,071155,03P214,
071155,950376,950314,
03P214,071155,950314,
071155,021012,950376,37144251.37245325
071155,950316,031111,69775381.86932921
021012,071155,031111,59084438.38806896
950320,950319,960639,179521946.28779382
950319,950322,960639,195610256.55486673
950319,950320,950318,109653399.21037477
960763,960760,950335,52995372.58155923
950334,960760,960763,126846155.71251662
950326,950334,021007,145670313.994899
950339,950370,950366,120839137.6411769
041130,970826,950373,150340813.4744027
021012,970826,031113,124854819.20941299
970826,021012,950373,146855210.72930616
950370,960650,051146,118870770.78730612
960650,950368,051146,167906220.87773097
950339,960650,950370,62749127.702850044
960650,950339,950337,91451890.30705383
950368,021004,940069,118447806.14144579
960652,02P117,950369,
02P117,960652,940069,
02P117,021004,950369,
021004,02P117,940069,
950372,960652,03P215,
960652,950372,031109,74164438.45161623
960652,950422,03P215,
021046,950428,940077,
071161,020997,950306,105019733.29296456
041136,071161,071160,38914886.95669781
950306,950307,950314,
950307,031104,950314,73707623.94440858
031104,940065,950314,128699098.3765503
950317,950260,940056,108938362.43722543
950260,960580,940056,155133864.6276059
950352,960649,950354,116996530.30166519
950345,960649,950349,180042061.05167302
960649,950352,950349,156241941.0412857
960645,950327,950382,
960640,950327,960645,76506400.28381735
950327,950252,950382,
02P112,950327,020975,
950327,950259,020975,
020878,05S051,940009,95640003.37072018
940009,05S051,950167,
020878,950118,950113,203058351.78619814
05S050,960519,950119,43552378.94433315
960502,020853,020854,429287427.60613114
020853,960502,970780,382353292.31995595
960502,020854,940002,305722552.4667273
950103,960502,940002,
970780,960502,950103,
950126,950120,020875,244934434.12637356
950106,950120,970785,
950120,950106,020875,
950130,950140,960525,516638271.8669694
950140,950131,020888,350070851.7050353
020888,950131,020875,
950131,950126,020875,
950130,950131,950140,500647511.1621647
081173,960533,950141,
960533,940016,950141,
960533,081173,020894,
940016,960533,950142,
960533,950158,950142,
940016,020890,950141,292179345.33590376
020890,940016,950142,199084552.43984964
950146,950140,950143,435250472.53786653
970794,950146,950143,371187931.6188298
940022,960529,02P204,
020892,940022,02P204,
950136,950139,950141,
960755,960754,93063,111849084.38763802
950110,020857,970782,317486493.5605158
950107,020857,020858,165898329.54196137
020857,950107,970782,277114509.24400353
950167,940019,111184,
960505,970784,940004,384610837.0438274
970784,020870,940004,317852814.30522376
960503,02P202,020859,
950108,02P202,960503,
02P202,940004,020859,
02P202,960505,940004,
950116,020878,950113,306598443.2183941
020870,950116,950113,165999052.06786662
950112,05S053,940010,
950378,021014,021016,92540607.53488067
02P118,091180,960645,
091180,081167,960645,117291316.07605688
081167,960655,950341,162690988.04603675
091180,960655,081167,183865910.2660173
021014,960655,02P118,
960655,091180,02P118,
960655,970823,950341,201178981.35501555
970823,960655,950390,349721837.564157
950328,960640,960645,199447933.25364438
021026,021015,950379,214511291.56938174
950383,960656,950382,
960656,021015,950382,
021018,960656,950383,
970829,940086,031118,232724696.3944896
960680,940086,970829,232645864.29144755
940086,970828,031118,365004715.7809476
940086,960680,960672,411207785.6427675
021035,960768,061151,233201367.55205807
950434,960680,031117,146715347.53965905
950436,950434,031117,179860806.0627855
960659,960658,021025,176375672.14902416
940076,960659,021025,189893208.68307388
021037,960659,940076,432451189.6900927
950409,940076,950407,285915617.8838025
950409,021037,940076,314946739.22861886
021037,950409,950412,214266764.3215996
950411,950409,950407,243221996.06548277
950409,950411,950412,235562757.82478878
021024,02P209,950388,
960658,021024,950388,190646009.81237322
02P209,021024,940075,
021024,950399,940075,217536933.03074571
021021,950384,950386,112783005.22977312
950384,021021,021020,159364425.18198475
021023,950400,061151,237044295.71644652
021030,950385,021020,128978963.91804685
031126,021058,950449,118929565.66764414
031126,950449,021059,117097369.24497937
940085,031126,02P211,
031126,021059,02P211,
950448,051141,021058,103857177.73497291
041134,021049,950447,145021529.61565456
021049,041134,950436,153203246.10515964
021049,021050,950447,128966751.76909399
950443,031119,970830,150826059.4756728
021058,051142,950449,75116512.36276211
950449,051142,021059,81872036.5915186
041133,960681,031118,137997611.8100666
960681,970829,031118,187364826.98485085
960714,021076,950469,201038779.30506775
960715,950481,950482,305386616.1068333
960714,950481,021076,325182132.74402505
021084,021088,02P122,
021084,950480,021088,
940095,960715,021088,202526338.59932524
950483,960716,02P211,
950484,960716,950483,152624015.6724654
960716,950492,02P211,
950492,960716,960724,
950491,950492,960724,
021067,960690,950460,181160922.43164316
021067,950460,970832,201005988.89836454
021067,02P210,960772,
02P210,021067,970832,
940091,021065,950458,330765676.15901744
960690,940091,950458,
950450,021062,021065,122080421.59221509
021066,950450,021065,189563504.94624925
950450,021066,950454,229882477.9393621
950467,081168,950487,
950467,02P210,081168,
940093,960773,950468,302549921.945826
960696,960773,950464,228697103.82783765
960773,940093,950464,415646028.0597433
960777,940096,950487,
940096,950467,950487,
950467,940096,960717,177510995.839627
940097,021091,021092,105273007.60302027
021090,950484,950482,214420945.26064184
960716,940099,960724,
940099,960716,950484,146501068.78220356
021090,940099,950484,308492062.00583196
940099,021090,942004,258757447.26551402
960726,960728,960731,
960731,960728,960729,
960728,960725,960729,
960728,960727,960725,146088877.71690705
960727,960723,960725,416093468.7411434
960777,960723,940098,
960723,960777,960725,
950491,960723,960727,
950461,970831,950454,408240216.2870331
960701,950465,081169,233688104.50018957
960700,960710,960688,317345876.132377
021076,021073,950469,144147689.8015817
021073,021075,950469,133617723.47340898
021073,960702,021075,169986078.4799583
021073,021076,081169,318035348.2315321
960702,021073,081169,197320040.18391705
950465,021071,081169,167924247.1507061
021071,960702,081169,156384135.45780522
960702,021071,940093,110393291.89657748
940093,021071,950464,289512122.5737084
021071,950465,950464,157392131.05602068
960718,970837,950485,195031446.29250947
950489,021090,950482,156448350.3343508
021090,950489,942004,152240100.02607584
950470,960705,021077,138005676.5728119
950470,950412,950413,497897088.6098893
960705,950470,950413,518868085.3542372
950471,021064,940089,218674382.33138624
021064,950471,960686,126076316.388581
021064,950452,940089,186694312.1485334
950471,960707,021078,170894381.03318307
960707,950471,940089,193910478.61205104
960670,960669,950408,166375115.99024168
960670,021039,960669,129192123.56379509
960670,940079,021039,168497694.8112829
021060,940079,950408,282210806.0564716
940079,960670,950408,204087254.73537675
960687,021064,960686,125336182.8137205
021064,960687,950452,152738082.79171202
950476,02P122,021080,
950466,960701,081169,110972816.90059163
93047,02P206,950227,
93039,93047,950227,111462210.50459793
93047,93039,02P206,
93044,020959,950227,77974824.32109797
020959,93039,950227,89035430.69917737
93020,93025,93027,123874029.62031128
93024,93020,93027,124168964.39071953
93059,960599,93055,
960601,960600,141202,
95113,960601,141202,
02P206,960601,950227,
960599,960601,02P206,
93098,04S048,071160,34746548.1916938
03S045,93089,970819,34811414.34956758
93096,93089,03S045,52680362.25821261
93052,93096,93095,49904526.72628978
960624,93052,93095,65697818.444600634
93052,960624,93093,11453597.530253727
93052,93089,93096,44480701.66108936
93097,93096,03S045,56970883.46053117
93096,93097,93098,67383724.58852112
93097,04S048,93098,21385274.309856325
93090,020847,93084,171493032.33029336
02P114,950296,990838,
93063,93029,960758,93918914.21112807
93046,92106,970813,41349223.732938066
960607,93064,93070,122666275.24636848
940052,020967,950245,160349067.93090189
93019,93028,950228,139940948.93450052
93028,93019,960758,102773714.19790308
93029,93028,960758,88563866.69980526
081171,93019,950228,70691660.89082319
93011,081171,93013,168092265.3168304
93019,081171,93011,174427630.3646294
93026,081171,950228,27252090.82309621
93016,081171,93026,167500207.8265785
950224,93016,93012,117755429.49259469
081171,950224,93013,131058757.8206571
950224,081171,93016,99591947.15488045
93025,950225,93030,144038905.971789
93033,93024,93027,82050654.50063415
93024,93033,950226,152250289.99098304
93033,960756,950226,111031288.78498298
93025,93033,93027,70832674.6404156
960756,93033,93025,155481263.5078114
970810,970806,950237,112989302.89904113
950233,960566,950237,
970806,950233,950237,
960565,950233,950232,119087181.79296435
950233,02P109,960566,
02P109,960565,950235,
02P109,950233,960565,
020964,950241,960569,162167846.1112431
950241,950243,960569,169161244.67568472
950243,950241,950235,
950241,02P109,950235,
950266,020967,00R015,353400625.76271236
950203,05S054,11S070,
05S054,950203,101181,
960550,05S054,93022,
05S054,101181,93022,
950164,940028,111184,141498895.48542348
020893,950150,02P204,
950149,020893,970794,311472594.5373663
960529,020893,02P204,
020893,950146,970794,326946031.23794836
950146,020893,960529,280366857.0980285
020893,960534,950150,
960534,020893,950149,
950232,02P104,960527,
02P104,950154,960527,
07S065,960550,02P213,
07S065,02P213,021098,
960519,07S065,021098,
07S065,960519,950167,
950343,950345,950349,169534996.3100363
950329,950343,950331,180196044.37025663
950348,950343,950349,120717021.83834043
950343,950348,950331,162875958.06964177
021002,950329,950331,156691410.81078956
950336,960761,950335,99221075.56763819
960761,950336,950337,87603645.17403904
061149,041139,950314,41069083.48606383
041139,061149,960636,108947265.92755803
950367,970824,021009,146564494.30171004
970824,021008,021009,195857110.31621745
970824,940066,960637,165532786.31160426
021008,970824,960637,384637385.65311927
950316,071156,021000,42923319.999131
071156,950367,021000,89748128.46942917
950261,950319,950318,132770051.61792317
940056,950261,950318,118008967.15981734
960580,950261,940056,250583622.2882331
950261,960580,950259,180962111.36429575
940067,950336,950335,144608966.16701218
950319,081170,950322,118808306.53384626
960760,960644,950335,46639767.89239215
950320,950321,960638,138833501.751376
950324,960760,950334,101345769.17349437
950326,950324,950334,160239777.1600377
950324,960644,960760,46718854.66811993
950322,950324,960639,161009226.74861377
950324,950326,960639,158196065.70356518
950338,950365,960761,77531466.11887597
950338,960761,950337,103442114.32022567
950339,950338,950337,50323002.54699024
950365,950338,950366,71503864.86618795
950338,950339,950366,39985925.94235552
031113,940070,02P208,
970826,940070,031113,65780223.10436469
950371,021011,051146,111795913.34548229
950371,031110,021011,91443067.81783849
031109,950371,051146,87199318.43489979
950372,950371,031109,158792966.266679
950374,031110,121193,67252237.47231624
950374,041130,021011,73943872.32213216
031110,950374,021011,103272860.38156968
141203,940070,970826,
940070,141203,02P208,
141203,960653,031122,
141203,031122,051140,
02P208,141203,051140,
950340,021004,950368,108123464.84194586
950340,960650,950337,157757471.72306472
960650,950340,950368,128997551.2738205
021004,950340,950356,284553324.96768975
950361,950360,950362,108831563.96798326
950358,950352,950354,112744198.84408781
950360,950358,950354,185191739.4165228
950423,950424,031122,
950431,950428,021046,144787385.46904525
950424,950441,031122,74650007.17023234
960675,950441,950424,113276589.14456382
950305,950307,950306,187791716.01139122
020997,950305,950306,155941003.08875683
950305,020997,950303,147515787.11039463
061148,940065,950304,226212439.0672951
061149,061148,960636,87950890.97709973
940065,020998,950304,135814683.7530692
020998,940065,031104,147813961.59767133
950307,020998,031104,100499385.47796273
950305,020998,950307,156036980.71575105
960633,950294,021101,143078033.91587234
950291,950294,031128,137114789.1189554
950300,020994,960629,146448260.7658401
940055,950255,02P112,
940055,02P112,020975,
960648,950347,950345,182829156.7725919
950347,960649,950345,145947971.3078933
960649,950347,950354,162980955.4913092
940057,950327,960640,161813954.70370448
021002,940057,950329,215133536.1621286
950327,940057,960641,165576539.00436488
940057,021002,960641,162200719.8225391
05S051,950125,960531,76347367.79377154
950125,05S051,020878,148117899.84988153
950116,950125,020878,252043126.21843603
960512,020878,940009,202750843.17237934
960512,950118,020878,204587754.67593983
960519,960512,940009,212693590.82759634
020884,950120,950126,321176751.1651167
020884,950130,950129,303671809.2646853
020884,950129,940013,254350985.0801666
950137,950130,960525,137286490.87269655
950130,950137,950129,254627762.08527303
061150,950137,960525,55045881.50878134
950129,950137,950135,234510988.6982496
950137,061150,950135,107570418.70216767
950131,950127,950126,141289326.38193566
950127,950131,950130,311478564.5603217
950127,020884,950126,106298027.0503799
020884,950127,950130,247021608.31719887
020890,950133,950141,298287012.7726297
950133,970790,950141,
970790,950133,940012,342066711.293079
950133,020885,940012,193092404.33855495
020885,950133,020890,260284038.87657902
970790,950132,950141,
950132,950136,950141,361569638.35455465
950132,970790,940014,377520448.83058906
950136,960523,950139,223030129.36350718
950139,960523,950135,316075087.3113304
950246,950240,020962,263286089.0041402
950265,950247,950267,220187506.3659286
950247,950265,960569,238828997.20072976
950265,020964,960569,318519387.09079003
020955,020954,940045,262191531.35786003
960753,960754,960755,146566022.50989136
960753,93011,93005,144024991.0240324
960753,960755,93011,160224710.75041556
960592,020955,940045,155143205.18243366
020979,960613,950272,151048612.68495533
960613,020957,950272,231692171.75434566
960506,960510,020858,314147464.77776057
020857,960506,020858,188822144.63844666
020885,020880,940012,176138834.66189122
020862,020857,950110,190293993.95750988
020862,960506,020857,406387951.88054156
020865,950110,960509,326515105.6909612
020865,020862,950110,116680507.86376847
03S047,960532,940015,265084513.76780024
940019,960532,03S047,281594386.9693635
05S053,960532,940010,
940010,960532,960531,
960532,05S051,960531,
05S051,960532,950167,
960532,940019,950167,
07S064,940019,07S063,
950144,940019,03S047,227517486.58160415
950158,950144,950142,
950144,950158,07S063,
940019,950144,07S063,
960507,970784,960505,364683055.19976443
960507,02P202,950108,
02P202,960507,960505,
950125,960515,960531,223021126.13357222
960515,950125,950116,311104682.2840103
950122,960515,940005,296469368.8569866
960515,020870,940005,269104075.97371924
960515,950116,020870,134496145.6907706
020863,020866,950111,233938592.274447
960504,020863,950111,275518425.80614126
960510,020863,960504,431005928.7871426
020867,091177,960510,238205420.97986013
960506,020867,960510,247795199.4009094
020867,960506,940007,421528353.429154
950121,020874,131199,
020874,950121,020866,648696009.7875599
091177,020874,960510,
020874,020863,960510,
020863,020874,020866,
960532,950138,940015,100183615.98375744
950138,960532,05S053,
960521,940011,131199,
950121,940011,020883,118946410.3028637
940011,950121,131199,
960674,111189,121192,138766457.78827217
960766,950394,940077,293299803.4862694
950417,960674,121192,147373588.22769475
950342,960648,950345,172161099.34915504
950342,970823,960648,169394254.78780395
950328,021001,960640,170858734.03685156
021001,940057,960640,229816686.26065624
940057,021001,950329,143544483.30616868
021026,041135,021015,215065888.96778572
041135,021016,950382,
021015,041135,950382,
950381,960662,950379,193168200.92445382
960660,960662,950394,336303005.97261393
960660,021026,950379,175142463.164752
960662,960660,950379,260578578.62617737
940077,021032,960767,170936604.59686092
021015,111187,950379,106662603.83564116
960656,111187,021015,174130166.1478063
111187,950381,950379,150268944.31969047
940074,960656,021018,112372637.60938689
940074,021018,021020,131060856.18046843
950385,940074,021020,147853420.63849086
940078,021035,061151,149860322.8149327
021024,071164,950399,131390395.1897347
071164,960658,960665,264884946.57787472
071164,021024,960658,266590608.23424152
071157,071164,960665,141773766.394594
021036,960666,960672,232275995.4368159
940078,021036,021035,196453174.7866964
021036,940078,960666,148265400.4819557
960680,021036,960672,
950434,021036,960680,
021031,950401,960663,191608895.5074784
960667,960768,021035,131093535.42660804
950433,021048,950435,153538913.99492693
021048,950434,950436,158730056.77127132
021048,041134,950435,134746744.52076972
041134,021048,950436,261903791.02759567
041137,950474,021081,112153706.76796575
021082,950475,021081,121083345.63851817
950475,041137,021081,162714174.4605523
021038,960769,960665,165244434.37412852
960769,071157,960665,136034751.76011008
960666,960769,960672,389515271.88504887
071157,960769,960666,205638338.41712648
021040,940086,960672,514103412.9951838
940086,021040,970828,
960659,950410,960658,196942534.41406837
960658,950410,960665,350036600.6908275
950410,021038,960665,264860105.91241524
950410,960659,021037,230194366.98433456
950387,021021,950386,186534174.80699068
950387,021023,960663,145780381.66124645
021030,950387,960663,201682716.37245956
021021,950387,021020,271530814.8030241
950387,021030,021020,252404930.8759895
960657,950400,021023,232075600.50881705
021022,960657,950386,141753414.93218365
950399,960657,021022,187564883.58719465
960657,950387,950386,358688143.0563139
950387,960657,021023,194827184.7879074
041132,950433,950435,121453462.26504837
041134,041132,950435,99160558.91725436
041132,041134,031123,90103969.13011701
950443,950445,031119,95850134.1337476
031119,950445,940083,106652204.91306303
02P120,950443,960683,
940084,02P120,960683,
02P120,950445,950443,
950445,02P120,940084,
031125,950448,021058,103234913.66163938
031125,031126,940085,92580861.5919326
031126,031125,021058,165509762.9256002
960684,940084,960683,35552851.67428337
031124,051142,021058,81574840.74636331
031124,051141,950447,87266242.7147864
051141,031124,021058,73714427.08461718
021050,031124,950447,103316264.60499404
051142,031124,021050,156509802.04489133
950437,041133,021059,87758730.48737958
051142,950437,021059,134408470.2231555
950437,051142,021050,91622846.86130956
950437,960681,041133,73799436.70144732
960681,950437,021050,91821777.44871156
021049,081165,021050,160651451.19744566
081165,960681,021050,83621787.19205229
081165,021049,950436,106292292.36436465
081165,950436,031117,122958103.23522846
970829,081165,031117,113791430.43527934
960681,081165,970829,103300936.54576327
950481,021087,950482,93691307.48001337
021087,950481,960714,141430893.22788757
021087,950489,950482,162882658.23732546
940094,021084,02P122,
950476,940094,02P122,
940094,960711,021084,97128884.94911869
950477,960711,021081,301884840.7130643
960711,021082,021081,311445696.53475785
960711,950476,021082,271969350.97662216
960711,940094,950476,209225927.86596093
950480,960713,021088,35670956.49397906
960713,940095,021088,20273259.62910419
950481,950479,021076,317978147.5180636
950489,960722,942004,165444814.4698423
950492,950493,960726,181152464.77915442
950491,950493,950492,
950493,960728,960726,197357402.41433275
950493,950491,960727,
960728,950493,960727,172042082.92042813
021067,960689,960690,186529987.62113985
960689,940091,960690,329321826.1769482
960689,021067,960772,131598914.87539674
960771,950450,950454,243741800.68190148
970831,960771,950454,233848878.17028373
960771,950451,021062,251195123.4786777
950450,960771,021062,191838250.29564738
021066,950455,950454,171739846.4531339
950455,950461,950454,367580147.5478869
950455,960689,960772,174712294.97559804
960689,950455,021066,155733888.7078839
950467,960774,02P210,
021091,950488,960777,298827818.85345966
940096,970834,960717,168742935.51543823
970834,950485,950468,280439108.1961822
970834,960718,950485,218534317.99776292
960721,940097,021092,132887784.73946887
960722,960721,021092,85780621.63103813
021093,940099,942004,211535344.0495749
960722,021093,942004,176591111.21585655
021093,950491,960724,
940099,021093,960724,
021069,970831,950464,117085557.15153386
021069,960700,960688,195580619.70522767
950465,021069,950464,177712342.92933124
960700,021069,950465,107043885.34962192
960694,970831,950461,154010936.06909505
960694,960696,950464,89315452.10878007
970831,960694,950464,240362411.55774292
960700,021070,960710,128610323.9386891
960701,021070,950465,168720442.39589846
021070,960700,950465,107490660.31940034
970837,960776,960719,177785635.27969256
960776,960721,960719,72854002.9506356
960721,960776,940097,153435086.7034787
940097,960776,021091,113429876.4534537
960776,960718,970836,56528889.97356436
960776,970837,960718,182979939.99320006
950488,960776,970836,107893409.63889419
960776,950488,021091,254908179.63598475
960720,960722,950489,62992624.055306695
960721,960720,960719,23892031.922247503
960720,960721,960722,33950731.809650436
970837,950486,950485,196394797.7245318
950486,021087,960714,206683568.79829323
021087,950486,950489,280484449.06505644
950485,950486,950469,370081773.6146977
950486,960714,950469,169471411.5034111
970828,950473,021080,548593317.7366877
960707,970833,021078,175791683.0195726
950474,970833,960703,142690714.24494952
021039,021061,960686,159154416.37003285
940079,021061,021039,139436754.99858642
021061,960687,960686,181350772.51485574
960685,940079,021060,189815737.78967136
960685,021060,940087,260295912.52177516
960685,021061,940079,183258895.9847087
021061,960685,960687,165960021.54205748
950474,960704,950477,294537449.5847317
960704,950466,950477,133431315.84844424
960704,950474,960703,117254331.43087211
960701,960704,960703,69368316.55702482
950466,960704,960701,78041236.25038277
93020,93015,93010,78790835.11225314
93015,93020,93024,92038907.61586997
93015,93024,93021,188287311.85775855
02P107,93044,950227,
950226,02P107,95113,
960601,02P107,950227,
02P107,960601,95113,
93037,93025,93030,124395720.72696936
93037,960756,93025,117955345.34186429
02P107,93037,93044,
93037,02P107,960756,
960601,93060,960600,55609288.49046303
93060,960601,960599,24776711.590930413
93060,93059,960600,17983910.73647299
93059,93060,960599,12312241.790670048
970821,041136,071160,28596517.590708133
04S048,970821,071160,33908082.72986743
93078,93073,93074,146498633.73445347
93089,02S043,970819,22578884.279318854
93052,02S043,93089,39146844.23017574
031102,950275,950277,311309297.8012912
93073,031102,93074,147938516.26227924
93038,960607,93070,191757785.43825695
020960,93035,93034,77432781.44488186
020960,93029,93035,66493828.968546376
93028,020960,93034,98726240.55206099
020960,93028,93029,75141567.84157266
93029,93066,93035,89349182.4951313
020984,950268,950267,228309984.8356319
020847,960616,93084,239922647.07419336
960616,020847,950277,204582981.31205854
950263,020979,950272,140631399.15969595
960612,950263,950272,263010134.9337825
031102,950263,950275,
960612,950271,00R019,143076629.59942284
020984,950271,950268,250839948.6142904
960577,071158,940054,83123110.22380102
960575,940053,950252,
950327,960575,950252,
960575,950327,02P112,
950255,960575,02P112,
960575,950255,020973,
960575,020973,940054,
071158,960575,940054,
020971,950253,950252,
02P111,020971,950252,
020971,02P111,940053,
960574,940052,950253,
020971,960574,950253,152417801.4194005
960574,020971,960576,182458616.29598853
020966,960574,960576,170344643.47270018
020966,960576,071158,243018588.61570737
960577,020966,071158,236711262.37888867
020973,960578,940054,131253002.4875276
950255,960578,020973,172225731.06653523
970804,93026,950228,107424960.14103656
93028,970804,950228,122324980.27016205
970804,93032,93026,82607258.68233316
970804,93028,93034,53973275.99449026
970804,93034,93067,109630409.1422553
93032,970804,93067,113462062.77744916
93032,93036,93026,122280797.08079404
93039,93036,93067,140310452.35818806
93036,93032,93067,139810503.04093203
93020,93014,93025,248367041.2743162
93014,950225,93025,205937122.44458804
93014,93018,950225,88418385.87082875
93018,93014,93012,107044482.25867161
93002,020947,960590,287937454.83382106
020947,950213,960590,148744630.0224406
950213,020947,960581,219271677.78706792
020947,940042,960581,264624703.49619022
970806,950238,960571,86727195.81507093
970810,950238,970806,141458125.00109902
02P110,950241,020964,
950241,02P110,02P109,
940046,950266,00R015,140330768.90249524
950266,940046,99R004,120121962.61477001
940046,950270,99R004,89287152.24672624
960570,950243,950245,116704664.40216677
950243,960570,950247,403453175.6449793
020967,960570,950245,168374408.56192768
950266,960570,020967,405160254.96941227
05S054,14P125,11S070,
020946,970800,020944,176502223.47459373
970800,020946,950214,126123691.37781124
950211,020946,020944,178792747.46044323
020946,950211,960581,269706441.8492511
940041,091176,020944,183364196.05976385
970800,940041,020944,94241448.00658683
091176,940041,101181,196507747.08700424
101181,940041,93022,
940041,950214,93022,
940041,970800,950214,34118885.08556086
950214,07S069,93022,
940042,07S069,960581,204020951.5075351
07S069,020946,960581,241419966.49749205
020946,07S069,950214,51458781.73351245
950211,950212,960581,182148627.7803708
950205,091176,950201,164065328.61341164
091176,950205,020944,105468687.35998844
950205,950211,020944,133291992.72959435
020943,020940,010845,155529558.16104764
950205,020943,950211,188744856.0587353
020943,950205,020940,235979966.32783702
020903,950158,950156,246167269.5658786
950158,020903,07S063,151384553.36303192
940024,960533,020894,237428592.6132918
960538,950151,960542,261437159.20784977
950151,960534,960542,212258554.37437373
940023,950149,960530,410236494.08226734
940023,02P102,960527,
02P102,940023,960530,
950154,940023,960527,
020898,940023,950154,
091174,020898,950154,264672352.50356144
020940,960560,010845,157821893.8993319
960560,960559,010845,211104674.59937224
970797,950178,950180,219091950.88381487
960560,07S067,960559,94053331.8386497
07S065,02P205,960550,
960547,020905,970795,380977453.5613082
020905,960547,950164,244745898.7664843
950164,960547,940028,333925891.6945195
940028,960547,950167,142413120.75354967
020907,960547,970795,254585620.97194716
960547,020907,121191,336352323.9393716
950163,020907,970795,287007241.96941286
020907,950163,950166,309899187.7855735
950163,950165,950166,248151465.28069994
950165,071159,950166,290635339.7772923
950343,960647,950345,152067279.79443377
960647,950343,950329,139037170.24598324
021001,960647,950329,112150499.55494852
960647,950342,950345,170330926.77730733
950342,960647,950328,291518731.3088666
960647,021001,950328,187102123.57441705
020999,041139,960636,109917783.96514055
950309,960633,021101,147889194.6368036
950309,061148,950304,454876910.70638055
950321,051143,021101,409380941.742026
031107,970824,950367,200296129.80820137
940066,031107,03P214,
970824,031107,940066,102609330.25597739
950348,950332,950331,204791188.94458082
940067,950332,950348,257032603.1579298
940067,950355,950336,108211083.68358506
950336,950355,950337,114446347.13567844
950355,950340,950337,179686092.06302658
950340,950355,950356,333059285.0777037
950261,020978,950319,141490462.76146203
020978,081170,950319,209336039.88416773
020978,950261,950259,
960643,081170,021003,108725456.14191113
081170,960643,950322,75054093.37080915
960643,950324,950322,112454248.70762177
950324,960643,960644,68185890.5470143
950371,071154,031110,57884583.767310284
071154,950371,950372,182450723.78043815
031110,071154,121193,40255866.152077824
071154,950372,03P215,
031112,950374,121193,75482735.18847509
071154,031112,121193,33809636.93746323
031112,071154,03P215,
960653,031112,031122,
031112,950423,031122,
950363,950361,950362,82743336.87813108
950361,950363,950369,176640880.4229284
950363,960652,950369,438903465.11353713
950363,950422,960652,
950359,950358,950360,101840343.86975034
950359,950361,950369,270920732.8945868
950361,950359,950360,127954200.6584344
021004,950359,950369,251933259.443962
950359,021004,950356,298665967.89357626
950352,950359,950356,186651508.4303832
950358,950359,950352,54989189.87991493
960673,950363,950362,74775247.5779719
031112,03P216,950423,
950422,03P216,03P215,
03P216,031112,03P215,
031120,031121,950442,116035343.48472899
950445,031120,940083,63814360.166949525
031120,950445,031121,
950439,031120,950442,137104496.62922183
031119,010846,970830,121436690.75618161
010846,021046,970830,144646067.64426607
010846,950431,021046,129765967.57781266
950431,950419,950428,96174894.1150784
950419,960674,950428,148436524.83526504
960674,950419,111189,114730951.75504567
950423,031116,950424,106771806.29259555
03P216,031116,950423,
93102,020997,071161,92561576.71634506
020997,93102,950303,80187185.39184031
031105,061149,950314,74066515.47831099
031105,061148,061149,93607747.7307784
940065,031105,950314,38812179.3458253
061148,031105,940065,63662953.36531848
940063,950300,960629,117340159.98526351
960631,950299,960633,164004808.11183023
960631,960632,950304,27190692.841706354
020993,970812,950291,43669350.08553072
950321,970812,960638,165299936.32126403
970812,950285,960638,291934292.89410806
970812,020993,950285,93203605.95587559
970812,950321,021101,317273033.3407032
950294,970812,021101,136264487.7721126
970812,950294,950291,60236105.31590677
950299,970822,960633,103506805.18002976
970822,950294,960633,211721602.2723614
950294,970822,031128,124950976.66259877
970822,940060,031128,126560297.46389654
950260,960579,960580,122091990.8900707
960579,940055,020975,169803380.3593865
960579,950257,940055,133640719.32006711
950259,960579,020975,153845792.99932653
960580,960579,950259,113635672.8869309
960512,020869,950118,183873158.73117068
020869,950115,950113,113459413.50296184
950118,020869,950113,178690224.65696687
950115,020869,950109,
950109,020869,950119,
020869,05S050,950119,
960517,020884,940013,104672376.53142756
020884,960517,950120,169443587.19050992
960517,940013,970785,
950120,960517,970785,
940018,950147,081173,
950147,020892,081173,350243167.09939545
940022,950147,960529,72337313.51548299
950147,940022,020892,204537002.07047
950139,970792,081173,
970792,940018,081173,
970792,950139,950135,320053670.2648242
061150,970792,950135,201835039.54746553
940018,970792,061150,125687060.45141314
960526,061150,960525,49619541.534909874
960526,940018,061150,35585549.862563595
020877,020872,950117,252437849.1817226
950117,020872,970785,210251519.3071466
020872,940008,970785,328976205.6294982
020872,960509,940008,515085022.70097315
960522,960523,950136,189837661.19474196
960522,950132,940014,236324066.82582602
950132,960522,950136,280893458.09314173
940013,020876,970785,
020876,950117,970785,129054785.66881922
020876,020877,950117,234174038.07989964
960523,950128,950135,355332985.1533586
950128,950129,950135,449821512.47414124
950129,950128,940013,514181040.8704552
960522,950128,960523,212177177.27402818
950239,950240,960568,168400811.13485342
020961,950239,960568,90208014.55263579
950239,950238,970810,110659592.91281198
950238,950239,020961,86519600.95449439
950240,970807,960566,64800454.506783485
960566,970807,950237,60309869.47698273
970807,970810,950237,116055724.53338376
970807,950239,970810,118982674.64010328
950239,970807,950240,199350256.63602054
020952,950242,950246,275635953.3499074
950240,950242,960568,170676372.4489544
950242,950240,950246,195876551.84072682
020963,020961,960568,319140699.6242184
020961,020963,950206,317513574.68276143
950242,020963,960568,241171526.66728535
020963,950242,020952,502777317.1255694
020963,020952,950220,322494762.9568071
020964,950244,020962,102904791.15328467
950244,950246,020962,156866209.57604647
960752,020954,020955,159695100.89470357
020952,960752,950220,243712901.42170054
020958,960613,950264,365836577.9574241
960613,020958,020957,414851245.3779752
020956,960753,93005,108578606.56102866
020956,960592,960753,249924030.22976473
950222,020956,93005,124919378.66135864
960592,020956,020955,158860320.42852318
020956,960752,020955,196113471.3765193
960506,960508,940007,167253324.8152742
020862,960508,960506,244564416.5555715
020865,960508,020862,196995401.78611377
960508,020871,940007,219278797.36601827
020871,960508,020865,256530208.97391272
020871,960514,940007,308974037.3971576
020880,960514,940012,270808475.88902974
960514,970790,940012,
970790,960516,940014,461104235.85188985
960516,020877,940014,265981158.96813536
960514,960516,970790,
960516,960514,020871,503069442.5659934
950162,950164,111184,94654846.31665027
950162,07S064,950164,90830176.83481318
940019,950162,111184,
07S064,950162,940019,
940027,020905,950164,182584765.1692146
07S064,940027,950164,180046551.040007
940027,07S064,07S063,104638325.20803037
020903,940027,07S063,234386823.20265982
940027,020903,020905,316477374.818174
960507,05S049,970784,212707664.86612874
020870,05S049,940005,134615954.15120924
970784,05S049,020870,149599005.4494883
05S049,960513,940005,184861069.5986104
05S049,960507,960513,606831076.8926238
020861,960503,950111,311433036.6118194
020866,020861,950111,243911423.07657588
020881,940010,960531,236491576.4588954
960515,020881,960531,235006677.3325927
020881,960515,950122,160136113.420465
970787,020867,940007,262701311.1744892
960514,970787,940007,245298857.65410018
970787,960514,020880,265011104.68410543
970787,020880,960518,292167904.9630024
091177,970787,960518,290225325.29467535
020867,970787,091177,361084764.74853224
020879,020874,091177,187686387.20458463
020879,091177,960518,161744062.38301244
020879,960521,131199,
020874,020879,131199,
020887,020891,03S047,
950144,020891,950142,156890819.4921995
020891,950144,03S047,195168948.51991993
020891,020890,950142,304926001.2236704
020891,020885,020890,
020891,020887,020885,
020887,950134,960521,194642730.01875368
950134,020887,03S047,
940011,020886,020883,227840302.24126518
950112,020886,05S053,142054745.59449154
02P203,950112,940010,
02P203,05S052,950112,
020881,02P203,940010,
02P203,020881,950122,
960513,950124,950122,308824107.77493775
950124,02P203,950122,
02P203,950124,05S052,
000843,950378,021016,250494045.9546588
950392,960660,950394,282082215.0798009
960660,950392,021026,196100971.30477646
960677,960766,940077,231879716.31334448
960762,950360,950354,239190100.14183688
950347,960762,950354,145554834.31832296
950344,960762,950347,170550223.5699644
970823,950344,960648,176155279.87447757
950344,950347,960648,165531340.0661909
021044,021029,960676,135246877.39043805
950417,950429,960674,107936111.2939215
950421,950417,121192,107979366.42145422
960646,950328,960645,188187018.3227382
960646,950342,950328,192689564.59731224
950341,960646,960645,124191906.22324601
970823,960646,950341,113742794.95653813
950342,960646,970823,184392569.49685887
021030,950398,950385,220575282.95158207
950381,950398,960662,261560561.2761174
950401,950398,960663,361055126.3963774
950398,021030,960663,270700947.524853
021019,940074,950385,199723306.81378493
950398,021019,950385,323033220.70014703
021019,950398,950381,269330179.97134215
111187,021019,950381,181225875.63750616
021019,111187,960656,220931569.7551258
940074,021019,960656,136363230.80925545
071157,950403,071164,163710611.16100568
071164,950403,950399,151735867.66408664
950403,960657,950399,328569426.090094
960657,950403,950400,142338115.6308216
950400,950403,061151,151276172.3435577
950403,940078,061151,162421268.57029024
940078,950403,960666,167084754.80238217
950403,071157,960666,169731183.59456053
960768,950402,061151,207691881.31120566
950402,021031,960663,94087087.81561013
950402,021023,061151,308350522.7064798
021023,950402,960663,209229727.70948437
960679,960667,021035,233195343.98568863
960679,021048,950433,197262374.71123722
021048,960679,950434,179672682.4877381
021036,960679,021035,237864290.93555817
960679,021036,950434,358549510.2703053
131197,960679,950433,
960679,131197,960667,
950472,960706,021077,238181940.18620652
970833,950472,021078,130556408.43264383
950472,960705,021078,87495294.89546825
960705,950472,021077,241072941.5269107
041137,950472,950474,102189958.01479863
950472,970833,950474,138281429.03890482
950414,960769,021038,124650331.34110567
960769,950414,960672,319557592.28464895
950414,021040,960672,163023360.9044311
051147,950410,021037,201323915.78587544
950410,051147,021038,211927763.84251657
051147,950414,021038,140423316.0847312
950414,051147,021040,172711084.66788852
051147,021037,950412,229002612.55451477
950470,051147,950412,599111074.403017
141205,021052,970830,
021052,950443,970830,211860386.86681405
081166,950445,940084,82280239.10157286
950445,081166,031121,
081166,940085,031122,
960684,081166,940084,62324078.57183868
081172,051141,950448,79985063.18703397
081172,081166,960684,69466029.53341763
031125,081172,950448,59376604.57694503
081172,031125,940085,55619618.80494243
081166,081172,940085,
021056,960684,031123,96069873.15012039
051141,021056,950447,81662657.04761705
081172,021056,051141,67935261.74545996
021056,081172,960684,105607864.67738438
021056,041134,950447,189162143.53227568
041134,021056,031123,32319188.533151634
940095,021085,960715,192131444.1045786
960713,021085,940095,37993123.27544334
021085,960713,950480,80140636.29030238
950466,950478,950477,322918196.8957378
950479,950478,021076,210217728.86166665
021076,950478,081169,323681291.56156707
950478,950466,081169,182633667.7590703
950490,960722,021092,181465546.8957447
950490,960723,950491,
021093,950490,950491,157880439.51109576
950490,021093,960722,310088922.0924364
950490,021092,940098,239976502.34291258
960723,950490,940098,
940091,960770,021065,137197879.1192264
960689,960770,940091,102881361.0327425
960770,021066,021065,147623713.4921164
960770,960689,021066,135651862.37815773
02P210,021068,960772,
960774,021068,02P210,
021068,960693,960772,186685539.3337761
960693,950455,960772,221458727.1540382
950455,960693,950461,192921145.9028971
021074,950467,960717,171218547.37035117
021074,960774,950467,178263194.9172639
970835,940096,960777,
950488,970835,960777,
970835,970834,940096,117410866.57683237
970835,950488,970836,144887413.18081772
960718,970835,970836,118313894.79785962
970834,970835,960718,200614084.06654346
950453,960771,970831,139840411.7700092
021069,950453,970831,107265880.19253506
950453,021069,960688,138630847.00915554
950451,950453,960688,234294965.59534937
960771,950453,950451,151694350.7118641
021089,970837,960719,120898705.47041799
021089,950486,970837,89959327.02130204
960720,021089,960719,49876152.700882815
021089,960720,950489,98341993.7041665
950486,021089,950489,75024227.65203634
960709,950473,960706,136664941.88467908
950475,960709,041137,251012801.391372
950472,960709,960706,146928903.04520234
960709,950472,041137,205513184.2474003
021079,950475,021082,135420804.21994823
021079,960709,950475,205535919.9924158
960709,021079,950473,159049074.14797693
970833,960699,960703,128616037.17273585
960699,970833,960707,108775286.61700478
960699,960701,960703,99060035.65180473
960710,960699,940089,125682461.88036813
960699,960707,940089,135771627.2466312
021070,960699,960710,163647308.10939017
960699,021070,960701,204136592.9436685
950451,021063,940087,200757604.25117508
021063,960685,940087,226828963.34828517
021063,950451,960688,210471212.1120164
960685,021063,960687,103335036.47096638
950452,021063,960688,184395061.49088937
960687,021063,950452,135119053.6682594
93059,93057,960600,89000277.13842885
93057,93059,93055,
960596,93057,93055,110911695.075702
93035,93051,93034,
93051,93048,93062,82708419.23436077
960759,93051,960594,127525733.57297532
93051,960759,93034,
95105,92106,101183,20730743.054449115
93048,95105,101183,22097825.20687274
95105,93051,93035,
93051,95105,93048,160021817.66463444
960597,93057,960596,32883029.326504692
960600,960597,141202,
93057,960597,960600,114689723.48587394
93053,960596,93062,340010729.01898086
131194,93053,93062,
93053,960597,960596,
960597,93053,960628,
93085,02P114,990838,
000841,131194,93062,
000841,93048,101183,7105053.42124717
93048,000841,93062,19262650.53828728
92106,000841,101183,7459372.3334015235
000841,92106,93046,24834655.635461167
131194,000841,93046,
960756,93041,950226,79654073.15194121
93041,02P107,950226,
02P107,93041,960756,
970821,93050,041136,20719923.89312647
93099,93050,93084,131606684.21406187
93050,93090,93084,167729315.1431838
93090,93050,03S045,49961894.39836556
93050,93097,03S045,57714959.17279634
93097,93050,04S048,36316637.10828287
93050,970821,04S048,37549406.98907707
93078,93077,93073,160843864.72370613
93077,93081,950296,56483386.912491046
93081,93077,93078,87417306.63360669
020847,950295,950277,125323505.5320871
950295,970818,950277,150150093.42050368
950295,93090,970819,91258255.1472873
950295,020847,93090,157045659.5368306
02S043,950295,970819,50353672.782068096
93091,93052,93093,37719689.99848046
93091,970820,141209,
93091,02S043,93052,54960494.34329449
000842,970820,02P115,
93081,000842,02P115,
000842,93081,93078,75235110.20878682
970818,93079,950277,119904916.50999524
93079,031102,950277,285682774.0094238
031102,93079,93074,106010597.36159651
93079,970818,141209,
020981,960606,940048,73097799.8412446
960606,020981,93070,177543928.95312005
950230,95105,93035,143607637.83647147
93065,93029,93063,165513247.06215987
93065,93066,93029,120903470.36428346
960607,93065,93064,98436013.94344139
960754,93065,93063,138217664.53571203
020957,960610,950272,172777738.50375998
950271,99R006,00R019,203090673.8573314
99R006,950271,020984,138188308.68894678
020983,950266,99R004,274326580.8588477
99R006,020983,99R004,109311511.02455914
020983,99R006,020984,70296745.5807693
960570,020983,950247,282615647.27377284
020983,960570,950266,271994047.1286385
950247,020983,950267,139782396.79427478
020983,020984,950267,132027396.48839663
940047,031127,960615,158841065.0616389
99R006,960608,00R019,94996005.05438359
950270,960608,99R004,81455818.5749249
960608,99R006,99R004,97327947.49372639
960611,960609,00R015,
960609,960608,950270,51240425.2764517
960609,940046,00R015,169890797.89163035
940046,960609,950270,51689505.94241794
960616,950278,93084,127946536.99313575
020987,950263,960612,176724896.80744925
020987,940047,960615,141106314.7761696
950275,020987,960615,137026029.98975188
950263,020987,950275,362922602.7375205
020987,960612,00R019,218512624.36451805
93069,031102,93073,202125308.59207362
93069,950263,031102,
93071,93069,93073,91756205.20357595
93069,020981,940048,102905863.50389324
020981,93069,93071,80808512.90883227
950271,020985,950268,104806504.38267425
960610,020985,950272,97852624.14296706
020985,960612,950272,210115946.34968838
020985,950271,960612,135453795.26365072
020985,03S046,950268,95692286.02894911
020985,960610,03S046,65926248.44211667
020969,960577,940054,157002923.30056766
960578,020969,940054,243705830.04174736
020969,960578,950251,316465002.2059054
020969,950251,960573,245539832.14486757
020972,020971,940053,115704364.29931945
020971,020972,960576,152106349.27510962
960575,020972,940053,152760295.2405917
960576,020972,071158,166526397.0682777
020972,960575,071158,164597599.44761077
950248,020966,960577,224533358.7239459
950248,020969,960573,112111788.73924239
020969,950248,960577,249283829.46442655
020976,950258,950285,273758096.0575419
950298,970822,950299,85697892.92135383
970822,950298,940060,141359043.66084296
020994,950292,960629,104336471.98769417
950292,950298,960629,110614979.20080271
960572,020967,940052,98568469.68675038
960572,950250,020967,187027870.99652
020967,041138,00R015,175990647.4609026
950250,041138,020967,224697075.79666388
041138,960611,00R015,
93023,93016,93026,170918595.0997696
93036,93023,93026,375567125.3780124
93018,93023,950225,92468849.24393804
950225,93023,93030,152987026.68736166
93023,93036,93030,361146038.59591126
93016,93023,93012,166362578.86902776
93023,93018,93012,112360950.7153933
93036,93045,93030,153327667.15297592
93045,93037,93030,149029297.01457274
020959,93045,93039,70111958.76437399
93045,93036,93039,104115975.64923275
93045,020959,93044,59940765.69884224
93037,93045,93044,188317153.03503504
950224,93008,93013,83743611.3045243
93008,950224,93012,112310301.6505051
960584,93020,93010,280509519.22660047
960584,93014,93020,178759622.1748466
940042,950216,93004,176312481.3114159
020947,950216,940042,176719632.9931835
960559,960561,010845,198883207.065545
960561,950209,020948,309477411.6709428
960567,020964,020962,180303606.48932382
960567,02P110,020964,
950179,14P125,111185,
950179,970797,020920,172650452.64644036
970797,950179,950178,214553258.6516836
07S069,93009,93022,
93009,07S069,940042,
93009,940042,93004,
93009,93021,93022,173427380.13440025
93009,93004,93010,281009555.7297225
93009,93015,93021,215876674.06658122
93015,93009,93010,214018281.30986178
960561,020942,010845,98181644.46144441
020942,960561,020948,178592356.29220736
020924,950181,020922,295056406.7729712
091174,950181,950155,264584754.58321503
940024,020896,960533,235715358.22770193
020896,940024,950152,166107364.7060438
960533,020896,950158,
950150,020895,020894,259013744.84919804
020895,940024,020894,232439024.57019767
950155,960541,960538,187044624.05742186
020897,940023,020898,
960534,020897,960542,241255196.06325954
020897,960534,950149,
940023,020897,950149,
960540,960538,960542,158812107.64257196
960540,950155,960538,90707500.67576014
960540,091174,950155,109826969.44612534
950200,07S067,960560,69107904.34847131
950200,960560,020940,108693516.70313336
091179,950179,111185,145626828.08272317
950179,091179,950178,146620219.32490984
14P125,06S059,111185,
06S059,14P125,05S054,
960549,06S059,05S054,275438428.710111
091179,020917,950178,177571178.13356873
950236,020961,950206,607485191.2664355
950204,950236,950206,214113948.8350736
950236,950197,960564,
940049,950231,960564,271378578.39168245
950197,940049,960564,217201616.8477882
950194,950231,02P105,
950194,02P104,950232,
950231,950194,950232,
940050,970806,960571,126210697.03682223
940050,950231,950232,
950233,940050,950232,
940050,950233,970806,389855498.42026895
960556,020917,020931,399855125.60407287
960556,940035,950178,222441481.7654225
020917,960556,950178,611887952.719998
960557,07S067,950180,310923724.30326873
020921,091174,950154,409975852.8402149
950181,950182,020922,166995537.9057278
950182,950181,091174,442038802.37544066
020921,950182,091174,348732766.7460126
950182,020921,950184,95902553.39448263
02P205,950171,07S066,
950171,02P205,07S065,
06S057,02P205,07S066,
02P205,06S057,960550,
020911,020910,940029,168967108.40948996
020910,071159,940029,219006798.82381877
950171,960546,07S066,69862222.3997306
020910,960546,121191,227799516.85807145
960546,020910,020911,243197321.75869367
970796,071159,960544,317716135.86825955
071159,970796,940029,248275785.37893984
970796,020912,940029,123514028.49658303
071159,020908,960544,273995834.6155558
950165,020908,071159,270650148.11710936
960543,950165,950163,167311502.5097947
960543,020904,970798,168577844.84181577
950165,960543,970798,335273026.0417887
950311,020999,960636,95124846.5276893
020999,950311,041129,98421213.07552062
061148,950311,960636,82002371.42888798
950309,950311,061148,356594022.80727
041139,031106,960637,72658639.44605614
020999,031106,041139,100627811.51755063
950309,02P116,960633,
02P116,960631,960633,
960631,02P116,960632,
960632,02P116,950304,
02P116,950309,950304,
051143,960634,021101,166153341.31084663
940062,051143,950321,185661263.19011867
940062,950320,960639,137095082.72291803
940062,950321,950320,171696617.06727117
071156,950315,950367,85780865.82332645
950315,031107,950367,81401563.65562233
950315,071156,950316,21232728.873976525
950315,950316,03P214,
031107,950315,03P214,
950353,940067,950348,153923061.86844113
950353,950355,940067,63092625.422317214
950353,950348,950351,117065560.24542259
950353,950351,950356,84728786.21063451
950355,950353,950356,77779142.12983176
960642,950332,021003,75730145.02793491
950332,960642,950331,191502165.45116758
021002,960642,960641,178533729.0705331
960642,021002,950331,171227241.70617506
081170,151210,021003,
020978,151210,081170,
151210,020978,950259,
151210,950327,960641,
950327,151210,950259,
950333,960643,021003,101159978.4673002
960643,950333,960644,54609459.51565644
950332,950333,021003,71017661.41441244
960644,950333,950335,110565784.7103773
950333,940067,950335,191142728.69000638
950333,950332,940067,151133337.17502826
021013,031112,960653,66218462.98724088
031112,021013,950374,85075577.97903709
950374,021013,041130,48321924.51037132
141203,021013,960653,
021013,970826,041130,86434543.8148074
021013,141203,970826,
960673,970827,950416,131618480.44171599
950416,970827,021041,139650312.81542155
970827,950415,021041,87089350.88879691
950363,131198,950422,
960673,131198,950363,
131198,960673,950416,
131198,03P216,950422,
071152,950439,950442,74770310.31099536
111189,041131,121192,132301899.37175293
950439,041131,111189,162108241.14501187
071152,041131,950439,64149204.91312512
041131,950421,121192,96888983.23379256
950421,041131,071153,106934962.4567166
021051,031119,940083,68937445.33920386
021051,010846,031119,127033000.6810406
950419,141207,111189,
141207,950439,111189,
950439,141207,031120,
031120,141207,940083,
141207,021051,940083,
141207,950419,950431,
010846,141207,950431,
021051,141207,010846,
950420,960675,950424,109396598.81154124
031116,950420,950424,132652881.15161178
950420,031116,021041,76166228.57768033
950415,950420,021041,98029623.14852367
950418,950420,950415,147117493.14172873
031121,950444,950442,12465478.629174707
021053,950444,031121,46254850.25062977
950444,071152,950442,70421159.84013942
950440,960675,071153,163762728.04825267
950440,950441,960675,242484761.30691972
041131,950440,071153,150216778.80729112
950440,041131,071152,95912410.64035691
950440,950444,021053,48040975.53040065
950444,950440,071152,175174870.6009781
950441,021055,031122,31147681.657517694
950440,021055,950441,148525622.48407948
021055,950440,021053,62494069.8076951
93102,93103,93099,84725755.86791751
93050,93103,041136,74995242.07797836
93103,93050,93099,74348673.29328367
020996,950305,950303,91169593.11868112
101182,960512,960519,109402565.53358102
101182,020869,960512,378726781.38883024
05S050,101182,960519,73435491.75720741
020869,101182,05S050,255402489.21902514
960528,950147,940018,261263940.59508884
960526,960528,940018,201812885.7933681
960528,950146,960529,71424564.54465017
950147,960528,960529,75486735.1028326
960528,960526,960525,248507803.37057486
950140,960528,960525,782217411.5526701
950146,960528,950140,202326299.54359046
020877,960520,940014,171337218.50364807
960520,960522,940014,150812793.0078384
020876,960520,020877,207964338.7998553
960520,950128,960522,236565352.0650306
950128,960520,020876,277429917.11510265
020882,020876,940013,102221938.37472309
950128,020882,940013,116742208.59300311
020882,950128,020876,148306952.9740532
960752,940044,020954,124704632.41464269
93065,141206,93064,
141206,93065,960754,
141206,020958,950264,
93064,141206,93070,
960606,141206,950264,
141206,960606,93070,
960753,950223,960754,108651024.09327137
960592,950223,960753,240796348.55042803
950223,141206,960754,
141206,950223,020958,
960593,960592,940045,111249676.35760444
020957,960593,940045,108204248.2008627
020958,960593,020957,218555118.08466813
960593,950223,960592,195272092.60565725
950223,960593,020958,163560915.5361626
022005,020872,020877,294087372.9623525
960516,022005,020877,307828107.2346611
020872,022005,960509,214276633.034996
022005,960516,020871,430059466.1284856
022005,020865,960509,247438061.0107973
022005,020871,020865,312317724.0283247
950121,960511,020866,339069400.0361813
960511,020861,020866,203449721.347869
970789,020887,960521,258243474.95660532
020879,970789,960521,268004167.83864012
970789,020879,960518,151223456.09791306
020887,970789,020885,368885586.3775611
020880,970789,960518,166585175.24536976
970789,020880,020885,400415259.95418805
950138,970793,940015,286111143.29727924
970793,03S047,940015,242589676.1884817
970793,950134,03S047,156557327.15613168
970791,020886,940011,161084465.49081776
970791,940011,960521,305206854.6460507
970791,950138,05S053,190217178.7657689
020886,970791,05S053,87956992.39382114
05S052,970788,950112,204098642.56009567
950124,970788,05S052,143764565.44188368
020886,970788,020883,439444748.1840934
970788,020886,950112,266107733.102204
970788,950124,960513,327124100.78457624
970788,950121,020883,224377579.68473527
960655,950380,950390,113456323.54253782
041135,950389,021016,195723116.45972738
950389,041135,021026,118855736.19852468
950392,950389,021026,152657730.87616944
021029,021028,960766,171864253.87018982
960766,021028,950394,179117652.11044365
021028,950392,950394,248170326.5392069
021029,950397,960676,149994604.42449704
950397,021029,960766,156502914.14753583
960677,950397,960766,22668254.761356477
960674,950427,950428,183691824.08206198
950428,950427,940077,
950427,960677,940077,269084073.7037375
950429,950427,960674,147644515.43896136
950346,970823,950390,216716884.36698672
950346,950344,970823,173244265.75099486
950357,021006,950425,238603414.83572936
021006,950357,940071,97916073.4805093
970827,950357,950425,
950357,970827,960673,
950357,960673,950362,
950357,960762,940071,51266707.662050776
950360,950357,950362,389485355.6970384
960762,950357,950360,463113996.43581903
960762,950350,940071,64401958.72612556
950344,950350,960762,121273369.21069524
950346,950350,950344,161950667.66027135
950350,021006,940071,100161301.18666671
950350,950346,021006,184186990.39543253
141204,021044,960676,
141204,950429,950417,
950397,021045,960676,119611008.59273408
021045,950397,960677,38132254.08611929
021045,141204,960676,
141204,021045,950429,
950427,021045,960677,119837432.81080401
021045,950427,950429,166865740.17072108
950398,960664,960662,286800587.41251373
960662,960664,950394,275483304.2328449
021032,960664,950401,195685978.25346553
960664,950398,950401,309862880.9111096
950394,960664,940077,333766244.7468951
960664,021032,940077,156263152.19272995
021047,131197,950433,
131197,021047,141205,
021047,021052,141205,
041132,021047,950433,233984010.66348934
021052,021047,041132,192425185.93804857
960678,131197,141205,
960678,021046,960767,
960678,141205,021046,
940088,051147,950470,
950473,940088,960706,179568961.89221707
940088,950473,970828,355210296.94721633
960706,940088,021077,126034175.48525622
940088,950470,021077,149324458.56626317
021040,940088,970828,
051147,940088,021040,
021054,021052,041132,88612138.6867116
021054,960684,960683,126279423.69092792
950443,021054,960683,125733771.71634671
021052,021054,950443,170508070.28826082
021054,041132,031123,102007747.65879764
960684,021054,031123,141180983.07221878
021085,021086,960715,107709789.6099347
021086,021085,950479,158806181.36749142
021086,950481,960715,157194833.718444
021086,950479,950481,238402330.32148093
950478,021083,950477,190425141.73726633
021083,960711,950477,141491663.25342947
950463,021068,960774,161793268.90554017
950463,960693,021068,169497385.16514692
021074,950463,960774,112289398.94708396
970834,960775,960717,291239195.3015633
960775,021074,960717,127725445.4385918
960773,960775,950468,219550130.1262467
960775,970834,950468,289153393.0807688
950476,940090,021082,238146198.48563847
940090,021079,021082,268028428.24159497
940090,950476,021080,178692104.39465037
950473,940090,021080,270439246.71325153
021079,940090,950473,139101389.73893562
960596,960595,93062,321870301.14651906
960595,93051,93062,71938124.797062
960595,960596,93055,105363238.50458992
960595,93055,960594,28549487.04538351
93051,960595,960594,15157558.41691545
95105,93042,92106,59037759.86393826
92106,93042,970813,92949104.1314673
93042,93068,970813,77622603.99440776
93042,950230,93068,52792733.67451629
950230,93042,95105,54231825.148363546
960597,960598,141202,
960598,960597,960628,
950297,93053,131194,
93053,950297,960628,47312162.42349507
93086,091178,141202,
93086,990838,091178,
960598,93086,141202,
93086,960598,960628,
93043,93076,051144,161619387.3681465
93088,93091,141209,
93091,93088,02S043,73360768.58266757
93088,950295,02S043,57118681.14421937
970818,93088,141209,
950295,93088,970818,53415087.34345704
990838,990840,091178,
950296,990840,990838,465663580.86025614
93081,990840,950296,108338995.9054558
990840,93081,02P115,
93091,93092,970820,45230005.30499244
960623,93092,93091,31501554.788127925
970820,93092,02P115,
93092,990840,02P115,
93092,960623,091178,26113466.151298806
990840,93092,091178,67264070.83680974
93094,960623,93091,29993323.109249678
93094,93095,091178,26637010.231448706
93094,960624,93095,11312636.219798122
970820,970817,141209,
000842,970817,970820,63113608.16245694
970817,93079,141209,
93079,970817,93074,59136454.60298867
970817,93078,93074,99709252.30195267
970817,000842,93078,97953253.63459623
960621,93043,970813,33823371.750727236
93043,960621,93038,37957587.893383645
93068,960621,970813,64615427.05129064
960621,93068,93038,81366031.30454321
93066,950229,93035,53379860.38714783
950229,950230,93035,37330019.35596133
950221,960591,950265,119200751.17597556
03S046,950221,950268,101748322.25631998
950268,950221,950267,364806225.0813407
950221,950265,950267,354051240.8789955
960591,020982,950265,215048943.97042897
950265,020982,020964,278553591.9633405
020982,950244,020964,163976929.02234048
950244,020982,950246,237573119.6903995
020982,960591,020954,310443943.713212
020982,940044,950246,354217386.26702005
940044,020982,020954,193835317.37890157
950276,960616,950277,241543364.78527218
950275,950276,950277,248403253.61755976
950276,950275,960615,200598027.63054854
031127,950276,960615,219661885.43919897
020986,960609,960611,206228522.98045373
020986,031127,940047,130070304.17415902
960609,950273,960608,66285177.48467583
960608,950273,00R019,44267729.42070854
950273,020986,940047,160789406.22143024
020986,950273,960609,204063373.72075707
950273,020987,00R019,137300561.2972248
020987,950273,940047,159195434.11829934
031103,93102,93099,77722993.59401272
93102,031103,950303,66820414.24003474
950300,950293,020994,124985972.23360646
940061,950278,960616,125928388.282926
940061,950293,950278,128581865.95553605
950263,970809,020979,151336525.28819078
93069,970809,950263,172629866.25415498
970809,93069,940048,151199241.9871343
970809,960613,020979,165155554.56608778
950264,970809,940048,146323143.26058143
960613,970809,950264,313178596.74351174
020993,950286,950285,95276926.94820137
950286,020976,950285,166254574.13838264
950256,950258,020976,191892749.69907624
950258,020977,950285,281030182.18257904
020977,950317,950285,427523604.0892458
020977,950260,950317,167971657.3720393
020977,960579,950260,131373850.09867907
960579,020977,950257,174701543.5565895
020977,950258,950257,242276310.26732126
960630,940063,960629,48911659.41869389
950298,960630,960629,103292851.5577207
960630,950298,950299,111181939.7235133
960631,960630,950299,138676043.79223895
02P207,960572,940052,
960574,02P207,940052,
020966,02P207,960574,
93008,93007,93013,116471563.30510423
93007,93008,93003,161256764.92674196
93007,93011,93013,141545923.77858877
960583,960582,93003,137146938.2622461
960583,93008,93012,146663015.16209155
93008,960583,93003,121195307.32648431
950215,93002,960590,136338985.06030717
93006,960584,93010,108618956.52116771
960584,93006,93002,172281515.0325092
93004,93006,93010,152423929.42811298
950216,93006,93004,192633050.5083862
93006,020947,93002,354282955.7006252
93006,950216,020947,199003260.15527368
950209,960586,020948,271908280.89421296
960586,950217,020948,309748952.8378076
950202,960561,960559,108051998.37521186
950209,950202,020939,251601684.44974715
960561,950202,950209,236043016.88958874
950217,960585,020948,169683597.6742884
960567,940051,02P110,
02P109,940051,960566,
02P110,940051,02P109,
940051,960567,020962,67509673.59815243
950240,940051,020962,171232730.2656055
940051,950240,960566,202614801.93923736
940038,950179,020920,194406584.98436
950179,940038,14P125,
14P125,940038,11S070,
11S070,940038,950201,212162184.77203745
940038,020920,950201,229699101.9184812
960535,020895,950150,218774055.88441223
960534,960535,950150,488876287.4615062
950151,960535,960534,192425050.85898224
010844,950151,960538,321292399.0796377
960541,010844,960538,194043993.20665002
950181,950183,950155,197527182.0647941
950183,960541,950155,444736195.444056
950183,020924,970798,253052225.56671995
950183,950181,020924,422157811.61250156
020904,950183,970798,190852243.9177213
950161,950159,020904,303549456.19248736
960543,950161,020904,118285064.51043144
950161,960543,950163,89555688.2138978
950161,950163,970795,177408503.9271538
020897,940026,960542,273756268.84474224
940026,020897,020898,416601308.62130445
091174,940026,020898,255421466.85019946
940026,960540,960542,255858448.18241134
960540,940026,091174,180822962.21128705
020924,950187,970798,270319109.18758696
07S067,020936,950180,101731081.77194801
950200,020936,07S067,105211084.33704734
020936,970797,950180,154813072.27400964
970797,020936,020920,215667071.52386215
020936,950200,020920,205300907.13000253
020938,950200,020940,124043516.75241776
020938,950205,950201,225369041.25928348
950205,020938,020940,205427761.24361044
020920,020938,950201,233313487.92880479
950200,020938,020920,190637825.1071225
020928,950193,020913,140743323.64883968
020928,970796,960544,274096956.3942205
970796,020928,020913,267713341.101296
950190,020928,960544,199326197.76926547
020916,950173,020915,95941230.54208592
950173,020916,020912,265566514.36830077
950173,970796,020913,235104776.32017326
970796,950173,020912,238567179.92554912
06S055,051145,020914,142534252.98933572
051145,06S055,020911,174185534.01427355
051145,020916,020914,134274235.3125788
020916,051145,020912,211619731.0374125
051145,020911,940029,160034967.1672029
020912,051145,940029,99546064.90389356
020916,020918,020914,171800683.17178977
131201,091179,111185,
020917,131201,131195,
131201,020917,091179,
950176,020916,020915,93133414.03595331
950176,06S059,960549,122535893.8662702
020918,950176,960549,77520220.65343963
950176,020918,020916,93881725.11439237
950174,020917,131195,
950174,950173,020913,158585549.03078797
020917,950174,020931,261410657.12634116
950174,131195,020915,
950173,950174,020915,122219449.91845825
950174,950193,020931,442191983.49330115
950193,950174,020913,199185085.8083667
950236,111186,020961,430492703.2724488
950238,111186,960571,57607875.22935046
111186,950238,020961,135057773.90292144
111186,940050,960571,130049627.49605913
950231,071162,02P105,
940049,071162,950231,375738697.90898967
071162,940049,950197,327461743.29769903
071162,950196,02P105,
071162,950197,950196,
950196,020932,02P105,
020932,950194,02P105,
020934,960557,950180,113359157.23960657
960557,020934,940035,99238575.64121364
950178,020934,950180,227115250.13795614
940035,020934,950178,199455535.1156958
970803,960557,940035,128234091.05113502
960556,970803,940035,133949302.43018566
970803,020933,970799,187676615.7660184
020933,970803,960556,250922033.8883661
940033,960556,020931,224120463.0183136
940033,020933,960556,153572146.07022256
07S067,950198,960559,253695688.482955
950198,950202,960559,253529747.1218121
950202,950198,020935,410139670.0197281
960557,950198,07S067,400062588.67664295
020909,020907,950166,184516760.7927712
071159,020909,950166,209518882.2140084
020910,020909,071159,270671258.7586637
020907,020909,121191,282885721.84859467
020909,020910,121191,254053327.3971183
950170,950171,07S065,67655432.77448374
950170,960546,950171,214520955.35764948
960546,950170,121191,228855207.27598628
950170,960547,121191,382416221.8482829
950170,07S065,950167,108283837.33204713
960547,950170,950167,377257068.08199626
950175,06S055,020914,81952440.8765295
06S055,950175,06S056,40432036.758536935
020918,950175,020914,152170257.3032625
950175,020918,06S056,99553274.22602043
06S055,950172,020911,133639130.30539326
960546,950172,07S066,111149231.63915575
950172,960546,020911,199885209.36701915
950172,06S057,07S066,
06S057,950172,06S056,104969987.39544104
950172,06S055,06S056,74855300.06088531
950312,021008,960637,182000282.41778475
031106,950312,960637,56322708.20369222
950312,020999,041129,128029495.78485386
950312,031106,020999,93127061.66746582
940064,960634,041129,120432941.42400865
950311,940064,041129,114192707.51665545
940064,950311,950309,182321575.13122007
940064,950309,021101,234086141.76420146
960634,940064,021101,191960398.3790704
950364,950310,021007,104666065.47088379
950310,950364,021008,159458649.0915093
950310,950326,021007,111988821.35458168
940062,950323,051143,86372218.86430748
950310,950323,950326,134264663.43098497
950323,950310,051143,174942506.08582318
950326,950323,960639,106951756.66653748
950323,940062,960639,63546980.54205572
950262,960642,021003,116065518.43915445
151210,950262,021003,
960642,950262,960641,187482114.59955013
950262,151210,960641,
031114,031116,03P216,
131198,031114,03P216,
031116,031114,021041,37908276.44650591
031114,950416,021041,49973332.74864802
031114,131198,950416,
950420,021042,960675,106652618.71085891
021042,950420,950418,100287283.39243703
960675,021042,071153,146466537.89012352
021042,950421,071153,97651947.578781
021042,950418,950417,97609278.97424687
950421,021042,950417,139586435.72392613
940082,021053,031121,55655970.349276446
940082,021055,021053,87300837.40808171
021055,940082,031122,44288590.41417946
940082,081166,031122,
081166,940082,031121,
93104,93102,071161,69539184.8756371
93104,93103,93102,66581274.693139166
041136,93104,071161,29180706.993579518
93103,93104,041136,59370554.14174747
940063,950302,950300,143869212.1527659
950302,020996,950300,143596214.28293437
020996,950302,950305,70601917.08981912
950302,020998,950305,199920526.1503738
020998,950302,950304,142849851.42137137
950302,960631,950304,160947362.03745177
960630,950302,940063,47001440.056522265
950302,960630,960631,178065865.17467627
970802,020952,950246,157210721.49003014
940044,970802,950246,86860308.69331945
970802,960752,020952,170163125.35376495
970802,940044,960752,90716469.49833706
020873,960511,950121,314890444.97956795
020873,970788,960513,521796337.34842914
970788,020873,950121,444110826.72924274
960511,950114,020861,258731101.38960612
950114,960507,950108,337454631.71336704
020873,950114,960511,324873027.47239107
950114,950108,960503,564417561.8812494
020861,950114,960503,372319369.96944296
950134,020889,960521,236280711.8055857
020889,970791,960521,304900867.75059104
970791,020889,950138,190969712.65382457
020889,970793,950138,216632973.6313576
970793,020889,950134,197491382.9694694
000843,021017,950378,153657481.1248279
950380,021017,000843,108254871.9706107
950378,021017,021014,127157416.93360351
021017,960655,021014,157448440.75704223
021017,950380,960655,72397080.06297389
021027,000843,021016,283596069.3409423
950389,021027,021016,201563084.5460955
000843,021027,950393,101767509.85482264
021027,950392,950393,135384218.8560315
021027,950389,950392,204981312.14758983
141204,950426,021044,
950418,950426,950417,201209940.19159845
950426,141204,950417,
021044,950426,950425,155687546.74847433
950426,970827,950425,182113991.63437366
950426,950418,950415,131170683.95516314
970827,950426,950415,101291511.3070711
950395,960765,950393,236438902.09130663
950395,021028,021029,143172354.4083905
950392,950395,950393,222442752.37898955
021028,950395,950392,190776388.68427408
021044,950396,021029,179634421.7991424
950396,950395,021029,212464787.91901764
950395,950396,960765,189287616.42772472
950396,021044,950425,125907418.92562382
021006,950396,950425,275731150.563479
960765,950396,021006,156973224.46204782
950391,000843,950393,249463010.10010785
960765,950391,950393,281768024.3284736
950380,950391,950390,104144275.11105989
950391,950380,000843,231331001.0895191
950391,950346,950390,77389861.98283932
950346,950391,021006,206217822.6490922
950391,960765,021006,229622231.43881753
021033,960678,960767,182168601.69193453
021032,021033,960767,139563927.52727488
021033,021032,950401,176549800.99910673
131197,950405,960667,
960678,950405,131197,
021033,950405,960678,209252633.50102243
960667,950405,960768,135108970.79161248
021031,950405,950401,278707632.52802515
950405,021033,950401,127056210.47980553
950405,950402,960768,227838810.1655829
950402,950405,021031,141507319.28406715
960712,021085,950480,244062870.11630756
021084,960712,950480,213447477.56019416
021085,960712,950479,221978727.8137762
960711,960712,021084,294258532.7748197
021083,960712,960711,119728940.1535415
960712,950478,950479,190047020.9495747
960712,021083,950478,150246682.70025152
960697,960773,960696,70305914.89800256
960697,960775,960773,157024606.60034624
960697,950463,021074,193949518.86776105
960775,960697,021074,186140654.15484026
960694,960697,960696,27809927.954618003
93049,131194,93046,
93049,950297,131194,
950297,93049,051144,34072883.36118809
960620,950297,051144,84465137.60840063
950297,960620,93085,58906762.88078459
93085,960620,02P114,
02P114,960620,950296,
950297,970814,960628,51467697.51433089
970814,950297,93085,80260533.991753
970814,93086,960628,38954435.57289542
970814,93085,990838,46116296.303135596
93086,970814,990838,57606104.10309257
93077,93075,93073,157679694.77093616
960622,93091,93093,24634028.52611654
960622,93094,93091,19536528.826333992
960624,960622,93093,12369851.27784018
93094,960622,960624,11870526.186611224
960623,960625,091178,16177337.895249695
960625,93094,091178,2354682.3720313506
93094,960625,960623,7557014.938857597
93031,950229,93066,71619993.58036275
93031,93065,960607,73582366.57803808
93065,93031,93066,149507139.16887698
93038,93031,960607,88878011.95650834
93068,93031,93038,142104395.76851457
950230,93031,93068,80428617.90134816
950229,93031,950230,48075980.887819506
960591,950269,020954,338792411.98705584
950221,950269,960591,77099650.06915413
950269,020957,940045,137271831.51794094
020954,950269,940045,369487028.5018588
950269,960610,020957,120590414.77723916
960610,950269,03S046,72387250.09227224
950269,950221,03S046,114665732.7075191
950276,020989,960616,272227893.3398226
950251,950279,960573,316253148.21164465
020995,031103,93099,125370528.02252127
020995,93099,93084,98502240.10947996
950278,020995,93084,90472814.17211336
950293,020995,950278,136053548.4604065
020995,950293,031103,238464469.42030784
950301,950293,950300,113466969.2200627
950293,950301,031103,157573201.46131945
031103,950301,950303,71568184.3739485
950301,020996,950303,89412998.13971303
020996,950301,950300,117778931.08669887
950293,020992,020994,183266086.1239416
940061,020992,950293,147062455.4577095
020992,940061,950284,180515621.99161217
940060,950288,031128,96971106.3399377
950288,950286,020993,106493746.91258301
950288,950291,031128,82030053.50341165
950288,020993,950291,77634842.3298805
950256,020974,950258,286678823.06788486
950258,020974,950257,161159038.2665783
020974,960578,950255,180963819.72018862
020974,950256,960578,269018414.2561764
940055,020974,950255,155423628.87038255
950257,020974,940055,79697408.7953209
950248,020968,020966,137739511.6611218
020968,02P207,020966,
020968,950248,960573,74531509.11009417
960572,020970,950250,194998142.1662736
92110,960584,93002,123028878.18900256
960583,92110,960582,147008946.3449195
950215,92110,93002,119590560.72069252
92110,950215,960582,119271612.89214647
950213,960588,960590,96700324.65001251
960588,960585,950217,157956759.02679238
950219,960588,950217,242880116.7830304
950219,950215,960590,253931553.7477923
960588,950219,960590,184731902.6248526
950202,940040,020939,234993636.69271177
940040,950202,020935,414649166.03422666
940040,950236,950204,315926037.867495
950236,940040,950197,
940040,020935,950197,
950210,020942,020948,185018436.62665525
960585,950210,020948,192023206.0927054
950210,020943,010845,194930421.71883112
020942,950210,010845,107541614.79024549
07S062,950153,960539,93465328.42635214
07S062,960539,950156,92388911.22018777
950158,07S062,950156,
020896,07S062,950158,
07S062,020896,950152,42547066.740504116
950153,020901,960539,129828419.3098487
960539,020901,950156,140045284.3447822
950159,020901,020899,244086169.14105934
020901,950153,020899,78616499.21089885
020901,020903,950156,205342394.03628063
020901,950159,020903,200084226.7692959
02P103,960535,950151,
010844,02P103,950151,
960541,020902,020899,237608409.52696475
950183,020902,960541,293657114.17494553
950160,950161,970795,221244395.77686894
020905,950160,970795,193027304.6565247
020903,950160,020905,219697885.4341368
950159,950160,020903,202991860.09671316
950161,950160,950159,326521183.1742173
020921,020923,950184,33536716.59436256
950194,960551,02P104,
020923,960551,960552,242477803.47605184
950182,950185,020922,122959719.24289323
950185,020924,020922,114609636.63114186
950185,950188,020924,289702441.5716757
020908,020926,960544,218234159.1614535
020926,950190,960544,177279379.75844076
940036,06S057,06S056,49080161.69587057
020918,940036,06S056,103702727.383424
06S057,940036,960550,77760486.06510642
06S059,940037,111185,69168276.17597519
940037,131201,111185,
950176,940037,06S059,134555238.2933934
131201,940037,131195,
131195,940037,020915,
940037,950176,020915,291151394.63281256
950234,950236,960564,209184486.53144798
950234,111186,950236,226366663.0581005
940032,020932,950196,216373843.36276418
020932,940032,950194,
970803,950199,960557,115465352.34697789
950199,950198,960557,216471021.56977972
950199,970803,970799,133136269.7400552
950196,950199,970799,314281301.62641096
950197,950199,950196,
020935,950199,950197,402370692.2550139
950198,950199,020935,247789908.3703218
960635,950312,041129,111051165.48366608
960634,960635,041129,121800156.15591168
950312,960635,021008,175642369.4402406
960635,950310,021008,190241681.60408217
960635,960634,051143,126568643.00980693
950310,960635,051143,193255476.36150873
020868,020873,960513,287462880.8477868
020868,950114,020873,374648817.76432735
960507,020868,960513,186121941.8750497
950114,020868,960507,280590386.7446838
960695,960694,950461,75252196.2939275
960695,960697,960694,63118886.81335966
960693,960695,950461,65005544.109346904
950463,960695,960693,46620758.83232734
960697,960695,950463,45714650.58201195
960626,93043,051144,37641269.73547205
93049,960626,051144,81521754.01808228
960626,93049,93046,57525251.258024596
960626,93046,970813,41844148.21251097
93043,960626,970813,22969183.841050416
970815,93075,93077,35362191.58159909
93075,970815,93076,46509180.42006438
970815,93077,950296,32608240.102488838
93076,970815,051144,135415313.37650648
960620,970815,950296,235486022.8727627
970815,960620,051144,121390947.43723646
96S007,93071,93073,34449960.47230713
93075,96S007,93073,88417158.57887456
96S007,020981,93071,22712763.137244873
950274,950276,031127,154930904.92668125
950274,020989,950276,173660894.06180632
020986,950274,031127,99826087.91409512
970811,940061,960616,204365981.80490252
020989,970811,960616,170522994.8560092
940061,970811,950284,118530741.29268229
950282,950256,020976,267603041.4712454
950282,950280,950256,324007905.3625765
960617,950279,950251,163910726.4213128
950280,960617,950256,331555943.54190284
960578,960617,950251,217879356.1293788
950256,960617,960578,289830628.8902924
020990,950280,960619,210558613.049636
020990,960617,950280,171738681.48933867
960617,020990,950279,211961207.22217685
950298,950289,940060,209267213.43655378
950292,950289,950298,98859079.84098126
950289,020992,950287,112728477.76955646
950289,950292,020994,84679929.55561994
020992,950289,020994,193988367.31229144
950287,940059,960619,86487867.30967249
940059,020992,950284,202053370.56174275
020992,940059,950287,161082153.4696099
02P207,950249,960572,
950249,020970,960572,162049632.17754978
020968,950249,02P207,
950249,020968,960573,97066147.34886156
950279,950249,960573,245799057.8029306
020970,950249,950279,104082464.55636923
020970,960618,950250,252010665.6892135
960618,041138,950250,229891200.81956914
960618,020970,950279,170539143.65479875
960584,960627,93014,112128976.6484352
92110,960627,960584,1758500.1361664212
93014,960627,93012,156168195.5042401
960627,960583,93012,131567061.11784102
960627,92110,960583,1966923.3236623595
020965,960588,950213,87068083.13468605
960588,020965,960585,175639656.7596894
020965,950213,960581,128515801.31604029
950212,020965,960581,103585660.1101598
950207,950204,950206,134316990.6371931
020963,970801,950206,180848700.6463288
970801,950207,950206,178494184.09350762
950207,970801,960563,191789365.12583783
970801,020963,950220,310454360.5135028
93001,960589,950222,314767207.739494
93001,950222,93005,308243076.47063327
93011,93001,93005,295961827.05820704
93007,93001,93011,255615264.83607796
960563,020949,960586,291164901.088092
970801,020949,960563,180276139.21700895
960589,020949,950220,337286449.2828342
020949,970801,950220,280958427.356484
071163,960589,950220,183779095.2009773
960589,071163,950222,198471306.85001743
960752,071163,950220,198584496.2505427
071163,020956,950222,109852831.73779497
020956,071163,960752,358331574.22738415
960586,960587,950217,204782893.3206061
960587,950219,950217,189228467.1545982
950215,020951,960582,97253153.4352828
950219,020951,950215,133904680.86436199
960582,020951,93003,178972704.06129494
960535,091175,020895,211722246.06322438
02P103,091175,960535,
091175,960541,020899,450632953.69698817
091175,010844,960541,157582429.06639838
091175,02P103,010844,
950157,950159,020899,296245802.22030693
020902,950157,020899,205378840.36748958
950159,950157,020904,188988534.08246168
950157,950183,020904,241210380.0816989
950157,020902,950183,261920399.29577813
960551,940030,02P104,
940030,960551,020923,128954100.9200564
940030,020923,020921,247062509.01475784
02P104,940030,950154,
940030,020921,950154,
950186,020923,960552,134405303.13856158
950186,960552,950188,169164992.5745583
950185,950186,950188,389435616.6529281
950186,950185,950182,384301300.2160518
950186,950182,950184,325495447.51670754
020923,950186,950184,122242894.32478198
960553,020926,020908,192805123.33808538
020926,960553,950187,156069332.66052833
960553,020908,950165,162790328.9381734
960553,950165,970798,378205332.73847365
950187,960553,970798,241098513.0954977
06S058,05S054,960550,18043608.574768405
940036,06S058,960550,29232555.11644948
06S058,960549,05S054,91875801.18060659
06S058,020918,960549,118109491.96395785
06S058,940036,020918,58197012.43455492
111186,151212,940050,
950234,151212,111186,
940050,151212,950231,
950231,151212,960564,
151212,950234,960564,
950195,940032,950196,200435479.61082307
950195,950196,970799,307762086.1422663
020933,950195,970799,326590311.0835693
131196,940031,950192,
96S007,96S006,020981,33693618.954270326
96S006,93075,93076,37253334.74149023
96S006,96S007,93075,15946278.059470871
960614,020986,960611,164538034.19714016
960614,950274,020986,122130068.3119152
950274,960614,020989,96970453.23980696
950286,020991,020976,212460111.53799385
020991,950282,020976,161259092.42407098
950288,020991,950286,160358249.24627373
020991,950288,940060,233269362.2550498
950289,950283,940060,279951810.1530148
950283,950289,950287,169391469.31930006
950283,020991,940060,208848463.10521322
020991,950283,950282,123726659.37685825
950283,950287,960619,318265275.21317625
950280,950283,960619,328133672.54920197
950282,950283,950280,142387705.52690342
041138,021099,960611,
960618,021099,041138,
020945,950210,960585,148230857.9471694
020965,020945,960585,227617783.31632236
020945,020965,950212,108607013.05837363
950210,020945,020943,145116519.39539537
020945,950212,950211,159756028.2020976
020943,020945,950211,146808605.92950156
950207,020941,950204,166991778.28345254
940040,020941,020939,163041112.23706847
020941,940040,950204,321851765.4638042
020941,950209,020939,170850386.1728687
020941,950207,960563,183725664.89263877
020941,960586,950209,277486924.8105802
020941,960563,960586,306409002.51178837
960587,020950,950219,171470701.8377742
020950,020951,950219,114353584.09861901
950153,960537,020899,116355707.29109764
960537,091175,020899,194131394.41801515
960537,07S062,950152,207533685.33877888
07S062,960537,950153,276326891.8385773
940024,960537,950152,443755345.8177763
020895,960537,940024,430058145.4471432
091175,960537,020895,182849957.6840267
131196,950189,950188,
950189,020926,950187,241099017.49357834
020926,950189,950190,188220384.31873518
950189,131196,950190,
950188,950189,020924,347562284.5388488
950189,950187,020924,230955354.98368058
950193,020929,020931,264120001.8772364
020929,940033,020931,258767042.07511476
020929,131196,950192,
950195,960555,940032,163890856.5818735
960552,020925,950188,261896096.33356726
020925,131196,950188,
020925,940031,131196,
960551,020925,960552,274383890.73016006
021100,96S006,93076,94499354.92108002
020981,021100,93070,132162386.26296173
96S006,021100,020981,114070048.10477716
020988,940059,950284,159061265.19176814
960614,020988,020989,168842677.4396475
970811,020988,950284,93643580.11588027
020988,970811,020989,144117720.03721082
950281,960614,960611,104451358.34119527
021099,950281,960611,96296229.43922636
950281,020988,960614,89569493.1816812
950218,020950,960587,222758405.95732236
020949,950218,960586,367221891.16682476
950218,960587,960586,263372632.17534828
950218,020949,960589,155808772.97807083
93001,950218,960589,221803135.29427227
020951,940043,93003,196558897.2499917
020950,940043,020951,111740209.13787962
940043,93007,93003,220833217.78912368
940043,93001,93007,240918700.62975678
940043,950218,93001,299097111.8163478
950218,940043,020950,106811834.71919423
131196,960554,950190,
020929,960554,131196,
960554,020929,950193,127429632.19740227
020928,960554,950193,115998885.97782007
950190,960554,020928,141309616.76545516
020929,020930,940033,303567364.04402834
020930,020929,950192,298708997.89052635
940033,020930,020933,169989085.00936806
020930,950195,020933,369730435.68233055
960555,020930,950192,270219801.7121562
020930,960555,950195,304504140.13303286
020925,950191,940031,81609034.41102786
950191,960551,950194,
950191,020925,960551,
940032,950191,950194,528265411.8956598
960555,950191,940032,120117141.62555133
940031,950191,950192,263051838.30237502
950191,960555,950192,227943966.7241084
93072,021100,93076,45157130.30486161
93072,93043,93038,120568552.30406098
93072,93076,93043,136616313.3042276
93072,93038,93070,103786033.57396303
021100,93072,93070,60283190.816970415
940058,021099,960618,154291008.79543862
940058,950281,021099,146116917.73915285
940058,020990,960619,302900342.57689404
950281,940058,020988,216094176.34264937
020990,940058,950279,262147588.13289106
940058,960618,950279,164718177.0406497
940059,940058,960619,135443243.53582522
020988,940058,940059,333444006.3607316
